Status_C,Status_CL,Status_D
0.9234397797984694,0.5815357518215549,0.42720207895409296
0.005828588968001912,0.03071652500825524,0.15439923541090866
0.07073163123352892,0.38774772317018985,0.4183986856349984
